/name,Email,Password
Othe1999,ScarlettHunter@armyspy.com,chei6aiM
Slengslas,AlfieHunter@armyspy.com,ieh1XaiS8
Sery2019,GraceRyan@gustr.com,cei7iejooSoo
Tolds2002,VictoriaAhmed@cuvox.de,ooJe6cie6
Coulut,RhysPowell@fleckens.hu,Aech6sheekie
Regged,EllisNolan@fleckens.hu,wiich0Sahj
Ofeen2013,AlishaHarper@fleckens.hu,noe6woth8Ah
Othissitirs,AlexandraHolden@cuvox.de,weev5neQuah
Whaps2014,LouieMitchell@dayrep.com,aiG8ra2ee
Thadvan14,DominicHewitt@superrito.com,Beetahsh1Apie
Whente,MeganDouglas@superrito.com,ooB3zei3
Firecureve,TomFraser@fleckens.hu,Shius8Shai
Sheas2003,KatieDavis@rhyta.com,aez6ahj9Oh
Woulgethater,ElliotChambers@dayrep.com,ce9eeQuoo
Conflims,JohnStevenson@einrot.com,Miogobei9th
Thised,SamanthaDaniels@dayrep.com,eihei6faKu
Matiod,JoshuaWhitehouse@cuvox.de,Doac3euh
Samer1995,AbigailTurner@fleckens.hu,Oojahquie7k
Vothe2002,NathanButler@superrito.com,aey2aeN9AeR
Monly2003,OliviaHarrison@armyspy.com,aiWoh8Eiphie
Therep,MillieHoughton@gustr.com,aeMi0ieh7
Ammed2013,MadisonFletcher@armyspy.com,ieTh3du9
Seced2015,HarleyHiggins@superrito.com,Ao0quoh7Ie
Copecers,WilliamMetcalfe@cuvox.de,Ohphux9sh
Racke1995,JordanCarroll@jourrapide.com,Xeewae5aix9
Sandid,JonathanGriffiths@einrot.com,iphaeC8pa
Meated,KyleHope@gustr.com,Uw5uqu1aeng
Mone2022,LibbyEdwards@fleckens.hu,zeed1Ra3mo
Hatepeor,GracieHarris@fleckens.hu,ashai9aVee
Frim2001,CharlieJackson@armyspy.com,ahph8Eethai
Thonflused,AliceDay@jourrapide.com,xi9Iriebei0
Deaverm2021,AnnaHarris@rhyta.com,jeajo0Iel
Torms2016,LolaRahman@jourrapide.com,ooQu7ahxa
Poer2018,MollieRobertson@jourrapide.com,uJeikah0oB6
Beace2009,KatherineCox@dayrep.com,pohh8Eijei
Agoo1999,RubyBrookes@fleckens.hu,quaeB9so6io
Lects2012,NicholasGould@armyspy.com,Pheef9Geem
Hatumer2015,JenniferHanson@jourrapide.com,eeK5AeWohw4
Soustand,LydiaElliott@einrot.com,ahc3ahG7ei7
Insch1996,DeclanByrne@fleckens.hu,phiKoo7wei
Crect2007,KatherineYoung@teleworm.us,oow1Aenoh
Jokened,SamuelKay@superrito.com,aeCh2ooMoo
Carefumles99,NicholasGiles@einrot.com,ojai3iiBiu
Utmacksmay21,CharlotteConnor@jourrapide.com,ce9Ue3ahxei
Hedur2019,NatashaAllen@jourrapide.com,oa5ao2Ohch
Scom2000,EvieSkinner@armyspy.com,xahG7Pei3
Eappy2014,FaithHamilton@cuvox.de,aoCh9piegai
Opetcharle,JackFrost@armyspy.com,quoa0eS8aic
Wituare,KieranTodd@einrot.com,aish4Oow
Ereun1996,SophiaFord@einrot.com,xohJoch6b
Docke2002,LouisCameron@dayrep.com,oht8kaChoo6
Gessookin1998,MichaelMetcalfe@dayrep.com,owivo9Iph
Shmisting,DanielBell@dayrep.com,quu1Heiphae6
Conere,BaileyBruce@cuvox.de,Taa3sohvei
Houcter,LucasDodd@superrito.com,cooQuaiw3o
Wheng2017,BrookeHill@cuvox.de,Woo7Aip6ie
Wasky2000,ShannonSwift@einrot.com,Uhoo5be5I
Trociagotnue,JoshuaByrne@jourrapide.com,xu2uw9Mae1v
Vollivind,TeganEvans@superrito.com,iroo4AeheoD
Guaraction,MuhammadJohn@fleckens.hu,oy6ieN9ai
Cionse,RileyHanson@cuvox.de,Ohra2oTukie
Rephrenothey18,TaylorCollier@superrito.com,Oom4Viph
Mexpeek,MorganGreen@superrito.com,bah9EiGh8th
Aboody,JoeKelly@armyspy.com,ya1IpahQuah
Withown,TylerGoodwin@einrot.com,Shichah0thoo
Derd2017,PoppyAdams@cuvox.de,eeZiew4thei
Aggland,MadisonBryant@jourrapide.com,Iefah2ooja6
Bearted,AnthonyGardiner@cuvox.de,eeZ4aigh0
Entwere,FinleyChan@cuvox.de,Eigie9xumoh
Hices2015,CharlesWalton@rhyta.com,Ahko9Jo2eu
Difew2006,MasonHoward@armyspy.com,Ea4Bikah3
Whou2003,GeorgiaAshton@teleworm.us,lu0eFaede
Theras,AaliyahBevan@fleckens.hu,Oong1Xe7vie
Somuckledge,JackChamberlain@teleworm.us,neib9ahThae
Lostow07,MillieDennis@jourrapide.com,ieGhae8nai
Notnothe,NatashaMann@fleckens.hu,ohShaesh7s
Drempan,BrookeSharpe@rhyta.com,aiyae3uK1j
Wastat,JoeMurphy@jourrapide.com,Sheecho6tahk
Herrinfold,MillieBrennan@superrito.com,Vahmai1ooqu
Waysainew2017,SofiaRowley@superrito.com,ha3eewee0Ie
Upind2006,AimeeGriffin@teleworm.us,Thi6fohTh
Wallst,SofiaHussain@jourrapide.com,aJoo8zia0
Bothis2012,JoelKing@armyspy.com,aepaeK5ieng
Whand1997,OwenHiggins@cuvox.de,coh6geFohch
Ounfee,NoahPollard@einrot.com,Eb9Irahv
Favy2014,BrookeHolmes@dayrep.com,shee3oQu4t
Wriedge2013,OscarPreston@fleckens.hu,feiTh2fohK
Likedy,KaiHamilton@rhyta.com,Oor7um0bo
Fement,LaraFreeman@gustr.com,uephim7Coch
Allse1997,LeonBond@superrito.com,thuPeil6
Viss2015,LouisNash@armyspy.com,wae8Ohxahge
Witinces,MohammadFraser@cuvox.de,ieYaefoo9
Dichatithat95,EllieEvans@dayrep.com,Ge9ow2eem
Glionou97,HarveyNelson@einrot.com,um5Neephae
Hicandre,SebastianKaur@jourrapide.com,Vooghuw7di
Ramord,OscarLambert@dayrep.com,uV1mae1che
Prock2003,MaisieWarner@cuvox.de,il4ahFuj8
Hativeing,MollieWilliams@teleworm.us,Lagoh7ie
Ancons,SophiaParry@cuvox.de,eipuKohPh6
Nessichaved,SophieHale@einrot.com,eir4booG
Overms,ConnorCarey@jourrapide.com,Uos2ho6faish
Sublien,CaitlinStanley@dayrep.com,gohGhooch8
Histake,JaydenHenry@superrito.com,ohT8pho5Ueh
Surionted,IsobelLord@rhyta.com,Die0bahng
Diften07,SiennaAli@einrot.com,Chabuaph0ey
Saithereadd,EmmaCole@gustr.com,Othoof0pie
Brose2008,AlexanderJenkins@rhyta.com,vo7ahci1I
Deatifight,NicoleGilbert@superrito.com,wephee1Eh
Coled1995,HarrietVaughan@armyspy.com,Choo5shae
Witroubt,FreddieBailey@cuvox.de,aLaeken9Eiqu
Preggly,SummerWoodward@gustr.com,aeruKiuTo4v
Droasing,MadisonScott@jourrapide.com,Uochei1Ied3
Daint2012,JaydenBriggs@teleworm.us,oL4AiRoh5iezei
Trys2021,ElliotNorman@cuvox.de,eixou8gahV1
Eattly,OscarMarsden@superrito.com,Eg0zeb5ch
Affor2009,ChristopherAlexander@fleckens.hu,Ia8quoov
Thounfor2000,FinlayWebster@einrot.com,Theech6vahloo
Pase2015,AlexanderHarris@fleckens.hu,na5sah6U
Oneigne,BethanyStewart@einrot.com,oopael1Pai
Allited,YasminFranklin@cuvox.de,ohYie6oh
Whisip,EliseDawson@cuvox.de,Qui0daoshuc
Anceek,CourtneyWarren@dayrep.com,fithah4Iuth
Froppire,ZoeHopkins@jourrapide.com,bahLei5si
Glan2004,TylerHumphries@superrito.com,eec5Eeb2ai
Readion,DeclanWest@cuvox.de,AiSh6vig3
Herry2001,CoreyWalker@dayrep.com,uo9ieBeesh
Padmings,DominicMcKenzie@superrito.com,iCo2aiTaen
Fespon,TiaRice@einrot.com,xou4Oexee
Quelly,SummerSwift@armyspy.com,pheY9ahNgei
Oftercur,MiaFuller@einrot.com,you6edohP
Aidn2022,MillieHolden@teleworm.us,Euzish2ooj
Hicagaver,SebastianMay@rhyta.com,shaeKai4i
Theithe,GeorgeHooper@rhyta.com,Oopooph3h
Owestrim,PeterDawson@einrot.com,ohbo1ur6R
Gerfinst00,AmberFranklin@gustr.com,thahDef2bi
Enly1995,BillyManning@cuvox.de,aecei3Pa2
Rouresing,BillyHunter@dayrep.com,ieG5akie
Fectle,AmberGallagher@armyspy.com,WeNg7Ievei9
Opeat2008,JoshRowe@fleckens.hu,aech8ahNgie
Satterign,RachelCurtis@rhyta.com,ahliexi2iY
Raine2011,DanielFaulkner@armyspy.com,Thauth5il
Plics2007,EvaMorgan@dayrep.com,ok7je7zohN
Fistic,AndrewElliott@armyspy.com,cheiph1ia4K
Masuctum05,RileyHunter@superrito.com,Aingah1oogei
Overearrever,EvieHolloway@rhyta.com,ofoaquu7Phee
Madve1997,RosieLowe@superrito.com,ook1Thee
Uposseen,HenryPatel@einrot.com,oodaRoh2
Seuld2015,PhoebeBarlow@einrot.com,iX2ujezoo
Sheming,RileyWhite@einrot.com,eeWokoo6
Nourne,SofiaFisher@dayrep.com,EeN1Woosai
Bastakered,TobyAllan@gustr.com,ooXith9AMi
Famem2005,MohammadFowler@gustr.com,Yeengis0k
Smagre00,SiennaHolland@fleckens.hu,QueiV4ohsh
Butiefull,JoshHart@superrito.com,nohb5ca6eiY
Thasken,AaronKay@einrot.com,auPet3xah
Curtand,KaiSullivan@einrot.com,Coh1Vahb6doh
Stors2022,ArchieDunn@jourrapide.com,Uo5queam9Ee
Whined,MayaBennett@teleworm.us,tiw6ziY3
Hazzle,ErinHolmes@gustr.com,jeakaeSh7Ei
Criew2019,EdwardWilkinson@teleworm.us,chaiSh0oo
Wasonever,SophieHargreaves@armyspy.com,eLee4iebu
Tilems,JackCrawford@cuvox.de,ko4Ec0eiK9
Xylashe95,SamuelMacdonald@gustr.com,oK6sei6iyai
Ellecks,LouisHart@jourrapide.com,eu5ohnaTh2e
Accur2015,AlexFlynn@cuvox.de,ra1Lied1ku
Cosertrut,LouisWood@armyspy.com,taenouSie3
Headen2020,VictoriaHewitt@gustr.com,oochi9aiGh
Thew2022,EvanBarrett@superrito.com,QuuZ6soong
Youlthe,BaileyLucas@dayrep.com,eiK4ic7ai7Phu
Lormand,CharlieDennis@teleworm.us,uCa0lei8mah
Thoury2002,CharlieWood@teleworm.us,tie0seeZahz
Tans2008,TaylorWillis@teleworm.us,OoraeB1ahnoo
Wheirlemse,BenjaminOsborne@einrot.com,Foo6ievoh
Outle1998,NathanThomson@gustr.com,phapha2Ho
Sprught,AaliyahSullivan@teleworm.us,aeRuuy3m
Tives1999,BenNoble@cuvox.de,Baequai2g
Therve,CharlieHoughton@fleckens.hu,uiThae3ohbuu
Drigh2004,JoeSims@teleworm.us,aixoosh0H
Consequall,AnthonyPatel@einrot.com,keigh1Phiv
Sinve2004,MorganRhodes@armyspy.com,oNgioz5ua
Fatileop,DylanDawson@fleckens.hu,caiqueX4
Caltin,LewisBaxter@einrot.com,wuiph5ceeS
Rearandeas96,LiamGordon@teleworm.us,Eobe0hi6
Bumantall1997,MadisonKay@gustr.com,thah9joToa
Boun2008,ElliotAkhtar@fleckens.hu,bae6aep3Uk
Witentleming,AmelieHolden@teleworm.us,cheix4Ie
Noten2012,RachelBriggs@rhyta.com,Aid6ieb1Ev
Juver2002,SarahGreenwood@superrito.com,aeQuoog8eij
Theady,ScarlettMellor@jourrapide.com,eeH4ae4dee
Oldisher,IsobelClayton@fleckens.hu,Ahsh4Re8
Exace2009,EthanPrice@fleckens.hu,Quie0ahquo
Waser2002,EwanAkhtar@jourrapide.com,jaiW1Rei
Whover16,JoshuaLloyd@superrito.com,GaduVoo5
Ansered16,EvieHudson@teleworm.us,ogeiB4eit
Surse2006,ChloeWatson@fleckens.hu,XengeifeM8
Kintil,RubyPeacock@dayrep.com,shooR0quae
Lifid2002,ShannonAshton@teleworm.us,phei1USei
Alighway2008,MaxReynolds@jourrapide.com,xaeMouB9uug
Rombass,KyleOwens@jourrapide.com,Vaigieshi5l
Tinshe,SummerBailey@rhyta.com,aeShoi1Gee
Thatimetat01,JohnTownsend@rhyta.com,ep4quohpiG8
Ughtmed,JohnCurtis@cuvox.de,EevaeX2ela
Munter,RhysCharlton@superrito.com,eaxiiR5qu
Brible,PeterHobbs@fleckens.hu,HoH2Leekai
Denly2014,AidanClements@jourrapide.com,Ailoo6ahTh
Angatte2011,AmeliaNorman@rhyta.com,uNohYoo7qu
Nowing16,ScarlettWong@einrot.com,Afi1Os8ahzi
Reamom,FreddieReynolds@dayrep.com,nooW9Eiph
Bregat,BaileyAllen@fleckens.hu,Boomoequ0Sh
Stentigh,DominicRowley@cuvox.de,agai1chui9Ei
Preen2010,SkyeKent@cuvox.de,Jarae1oh
Hiptime,IsobelStanley@armyspy.com,eiVac8xoh
Thadjaink,ScottJackson@teleworm.us,Zeeph8OoJah
Nothought,TylerParkin@teleworm.us,tha3Num9eeNg
Havir1995,CharlottePeters@rhyta.com,NohDef2liree
Parpookin,TeganKemp@gustr.com,meiseeL6r
Slivencel,GraceONeill@cuvox.de,iam5Ood4
Sorn2009,JosephBibi@dayrep.com,Oohoo4ei
Therints03,EveHorton@fleckens.hu,hei0Fohth2
Pere1999,AaronSwift@gustr.com,shucooX4boh
Prid2019,ThomasChambers@armyspy.com,ohz6ooSh
Prompoing,KieraSykes@jourrapide.com,su0Faj8th
Bitheirstake,ConnorHolt@teleworm.us,aiWieng4
Deaverm,FreddieBriggs@gustr.com,eixohbooqu3A
Fral2004,ZacharyConway@superrito.com,Aegaefee8ee
Brissithad,BenMcCarthy@armyspy.com,oochahp4IeSh
Slove2013,LilyCarey@dayrep.com,eiPhie3pigei
Whys1998,JoshLaw@einrot.com,AiRooph2b
Thalonevey,GeorgiaCrawford@jourrapide.com,boa3ao2A
Thands16,OliverOBrien@fleckens.hu,gi8Loo9aeT5
Stabsee1998,IsabelDunn@superrito.com,ofo3phooM0
Frose2005,LaraFletcher@gustr.com,jaiPibon7p
Messine,IsabelFreeman@dayrep.com,Gie1aikievah
Woulles2015,SebastianWhite@dayrep.com,leul4Weeroo
Mexamer,EmilySmith@superrito.com,Oan3zi1Ai
Uposs2015,JakeWright@teleworm.us,AhL8aeli7ch
Crong2000,LauraShah@dayrep.com,afeL5Pie
Gramptude,JessicaODonnell@dayrep.com,ooCe4wutoh
Theon1996,MollieFreeman@rhyta.com,ievel0EeB
Puladogaver,TomEdwards@gustr.com,nai6ah7OhZ
Stille16,SophieONeill@superrito.com,ioT0Johqua3
Stly2021,FreddieSutton@gustr.com,cuhujouh3I
Wery2011,AmelieAndrews@armyspy.com,Aev1PeelooG
Ofectown,MaxMarshall@teleworm.us,apea3aeB5uJ
Othessonce,BradleyNorth@fleckens.hu,eik0Alai
Havight,DanielleHilton@superrito.com,Vaz2oush8d
Thatimensfa,ElliotCoates@rhyta.com,AhZ0Coghae
Diat2022,MaxWatkins@gustr.com,ku7hee3eiN2oo
Anable,TomLeach@gustr.com,ohp9daiGh
Speargons,BaileyRees@jourrapide.com,ooL2IWoo1Oo
Thenue,DominicBolton@armyspy.com,saqu1Moo
Crad2021,JayAtkins@gustr.com,loo0Jeeh9mee
Quishe,AmberByrne@fleckens.hu,gaeFaco4Roo
Himagettery,LillyVaughan@jourrapide.com,ahNoo6oh
Prepertion,KayleighHall@teleworm.us,aiF1Pahth
Tratc2011,AidanArmstrong@jourrapide.com,Kiefa6shi
Hilin2010,CharlieBolton@fleckens.hu,jadaeno7Oh
Shousho,JodieRhodes@dayrep.com,veiGh7ienge
Solkill18,AmelieHobbs@teleworm.us,ooM4queen2
Niguened22,EmmaParkinson@einrot.com,rahHee8Uuqu
Ideven,BrookeRowley@dayrep.com,ser1aiGh5
Alaingleuted09,EdwardConnor@fleckens.hu,exoushei0Mu
Saitte,KieranHarding@einrot.com,mie6zohMie0
Thealks,PaigePorter@armyspy.com,exak6ahC5Ae
Thavite,LoganPeacock@armyspy.com,emugh9Thi
Digum2016,FreyaHussain@cuvox.de,inix7eefeiM
Theyeare,LaurenSteele@teleworm.us,ahth0Quai
Himn1995,EllieDean@superrito.com,oNi4ohlae
Siturettem,BenjaminGoddard@cuvox.de,TeeBohS2gai
Hiscam,FaithWeston@gustr.com,keiR4ioch
Beed2013,MaddisonMiddleton@jourrapide.com,Ahboh8ooth
Yeasught,MaxNash@jourrapide.com,xahki7UZ
Eathated2008,JackRees@rhyta.com,oChaP4ai
Falanyth,AlexandraBowen@einrot.com,ibo5doThi5P
Pithenclacke,SeanMarshall@gustr.com,Phu2see2qu
Fecrused,AlfieBlack@cuvox.de,hah9aot4Joo
Haveracter,JordanSanderson@cuvox.de,Lai1oaK9lae
Hoods2018,ArchieHeath@dayrep.com,Goof1uChah
Sugh2000,NoahGreenwood@dayrep.com,Aivien9eng
Clagarlds,TylerHargreaves@teleworm.us,eivev5Eif
Pund2012,TiaTownsend@superrito.com,ee4ahK9o
Janct2002,HaydenDay@jourrapide.com,edoo0Cheis5
Theled,KyleHoward@armyspy.com,gieX9looSh
Duccoldany13,LolaBenson@rhyta.com,eo0RucheeJ3
Bacen1995,JayAdams@armyspy.com,aeJee4tuech
Frout2016,KyleGraham@teleworm.us,Thaim8lai
Wortatuslege,KatieParkinson@dayrep.com,gae5We4ief6
Whisee,NathanBrookes@fleckens.hu,ietheiF9ae
Hapteraind,EwanAlexander@teleworm.us,Uk7yiek2
Thatied,MadeleineDoyle@jourrapide.com,ShuSuneZ8k
Messled15,LeoRichardson@armyspy.com,chohL5ah
Notheyeask,AlexanderThomson@cuvox.de,Acoo7SuTh
Noullooduady,AliceStevens@teleworm.us,ahD2phii
Hamelf,VictoriaWhitehouse@dayrep.com,meejeez2Fei
Tionfoleth,JohnAndrews@teleworm.us,luunahZ3sei
Absetiley,HarryHancock@armyspy.com,hoXae7eey
Alcour,FreyaBerry@fleckens.hu,ooMooxoh7
Makend18,CharlotteForster@armyspy.com,de8ohsheoJ
Hinty2016,AbbieHughes@superrito.com,ooS1Eig6
Agetaing,FreddieHolden@fleckens.hu,Shohyoox2m
Sonnine00,DavidRiley@rhyta.com,vae7iRiephu
Thatrepasis,MeganBevan@dayrep.com,booHai1wohk
Saitte,JakeBlackburn@gustr.com,Thohhohp1
Olleefors,ElizabethCollier@jourrapide.com,ahcheeyoi0Ei
Kint2022,EdwardBuckley@fleckens.hu,ahlieshi9Oo
Himpless,IsabelQuinn@gustr.com,Ar1tew5ah
Andiflamboy,MorganLeach@armyspy.com,eeKaht5Nai
Covelle13,AliciaSimmons@fleckens.hu,pheeGh5ai
Bourn2020,CourtneyPoole@dayrep.com,ath9oBae6
Nalle1999,EmmaBurns@jourrapide.com,Ul4Eux8ugh
Foldearpong,RhysWilson@teleworm.us,choiCh8fieX
Sarued03,KayleighParkinson@jourrapide.com,jao9oTho8
Whoeve03,ArchieWood@cuvox.de,oquo4OhBae
Stolven,BaileyWatts@rhyta.com,ni1Shiego
Hielturry,JayHawkins@rhyta.com,diek6Jecae
Liker1999,EloiseVincent@dayrep.com,Quaew7iaQuu
Delitth,KyleHilton@einrot.com,eefeaL4Yae
Mitimen,ElliotHunter@rhyta.com,AhT9uve9j
Lanythe2020,FaithFinch@armyspy.com,Oov8gao5
Roudidlen2009,LucaDay@armyspy.com,ohxeiJ0AXu
Juders,MohammedStephens@cuvox.de,Jiaz2wi1doh
Dedishe,YasminPeacock@teleworm.us,ietaeLohnu4
Ingailly,DaisyDennis@gustr.com,usheMah2
Thicho,CoreySykes@superrito.com,jeig4ziY
Vised2002,ChristopherMason@teleworm.us,EeG7ohr9ah
Buthes,RobertTyler@dayrep.com,aiPu0shah
Thonse,JoshWilkinson@teleworm.us,veihomab2Ah
Aftermand,SophiaHarris@einrot.com,rie1ac3Oh
Laiden,IsabelleMitchell@jourrapide.com,EeXaeb9id4
Spearknigh,CallumNorth@dayrep.com,Ohj7aht5mai
Sequand13,MayaHale@dayrep.com,aiS3quaet6
Posixed99,IsabellaFreeman@rhyta.com,cothiN7Eib
Likedy,TaylorRussell@einrot.com,Ohlio6Nue8
Acien2001,PhoebePickering@jourrapide.com,baiL6aizei
Lifulty,ChelseaReynolds@armyspy.com,FeuPh7in
Lacy1997,JamesBaker@teleworm.us,wooQuoo7
Coarestligh,BethanySingh@gustr.com,Pae5Pe3s
Woult1997,EmilyPope@dayrep.com,caeDohc1bo1
Tropers,ScarlettMiah@fleckens.hu,uw2Pahthei
Cakintice,CourtneyPowell@armyspy.com,ahbie4jox1O
Didese,AdamVaughan@gustr.com,Phu3baiphij
Beets2012,LouieGrant@superrito.com,aeshooNg6eeZ
Niand2016,AmberGray@gustr.com,aub7Mah4y
Cign2016,HenryHargreaves@cuvox.de,ahx1gai2aaSh
Ravera,ChristopherMiddleton@einrot.com,Cheimoo8v
Whomplies,LydiaMoss@fleckens.hu,thahThoov4a
Seepas,OliverJackson@fleckens.hu,eiz4booJ7Ba
Cirt2020,CharlieFord@einrot.com,IeheeR2wae
Sualind2007,PeterPatel@gustr.com,ixa6eeRiesh
Wingeres,MaddisonNelson@jourrapide.com,ahcua8Koh9
Dernmen,JohnDobson@superrito.com,Eichae2sh
Dowits20,EmilyMorris@dayrep.com,Eehii0ezu
Birs2010,EmmaStone@jourrapide.com,keeChi7Ie
Quisging,OwenShah@einrot.com,aWie1ifash
Desichall,AlfieWheeler@jourrapide.com,ohdah3ieR
Beho2003,JordanRoberts@armyspy.com,Uv8gieshoo2
Brils1997,EleanorCarpenter@cuvox.de,eeSheet5
Toonde2010,TeganLord@gustr.com,Aof5oong
Reeld1996,KieraChan@cuvox.de,ahM9rohd
Ably2000,PoppyBevan@teleworm.us,ooh8faeChou
Tindrithe20,EloiseAtkins@einrot.com,quo3Aetuqu
Genes1997,SarahBlackburn@cuvox.de,iu7eiR9ies1
Sinsily,NoahGibbons@fleckens.hu,Zac3eusil
Inving2008,SarahHolland@armyspy.com,ze3oG3ohwee
Spee2005,MadeleineHargreaves@teleworm.us,Jeifae4aJe
Rese2010,CameronAkhtar@teleworm.us,boh5Oong
Phim2020,FreddieGallagher@gustr.com,eiXei8too
Hingive,DanielStephenson@dayrep.com,saiQuohb4ah
Obesson07,EllaReeves@gustr.com,gahfae6Nee
Hans1995,SpencerCunningham@dayrep.com,theePhu7ahy
Procke,JoeRowley@dayrep.com,IeNg7iefad
Faider1997,ArchieCraig@armyspy.com,eecei0Quai
Jook2009,ShannonSwift@dayrep.com,Ohche1Thai8
Olank2012,ChloeBenson@rhyta.com,ShaiKoo7Eaz
Firwass,EwanNolan@rhyta.com,eew7Feek3T
Follnee,MeganNash@fleckens.hu,SaeXu5dee5nee
Shiclus,KayleighPollard@teleworm.us,aigh9wioQu
Supoed,SiennaFraser@rhyta.com,Ahk2Ogoh6Poh
Affeateephy,KaiSmart@einrot.com,ye2Od9ohch
Cothed,HarleyCollier@einrot.com,eith3EaG2v
Onegalk,JakeBond@rhyta.com,aiyezo0ohGu
Sclows2019,LukeGallagher@einrot.com,raeSei1aThoo
Coustruste,HaydenFlynn@dayrep.com,kooW0thoosoo
Brothad,HarrisonHolden@einrot.com,Eephiegh8ee
Comeneserse,LolaSanderson@rhyta.com,aikee8aD
Truity96,ElizabethHodgson@armyspy.com,Peirohphet8
Thatentry1995,ReecePeters@cuvox.de,UNgaoyoo8ae
Thous1999,AlishaWood@teleworm.us,bie4Eenaetei
Thellaick,GracieHanson@armyspy.com,Ai8leiCh
Vaint2005,AaronSwift@jourrapide.com,WeiGu9iew
Exclout2021,AmeliaBooth@armyspy.com,ayu3Heuchat
Imen2017,RachelLong@gustr.com,ooqu8oom8O
Whisee,ZacharyMcKenzie@einrot.com,ohmu2aeX
Bult2002,OwenBond@einrot.com,gi0Kah7I
Fortiquen18,KianDaniels@jourrapide.com,Shai0mooquoo
Lindowlsible,JacobWaters@fleckens.hu,oMah1ahthoo
Replach,LibbyColeman@jourrapide.com,quu0IeXae1Ae
Withents,SpencerRiley@gustr.com,foJafoh1oqu
Firejus2018,ElizabethTomlinson@jourrapide.com,nu8Eifei
Ramie2002,ScottReeves@gustr.com,shaJ4ee0Aid
Tinglaceen,CallumReed@armyspy.com,eiSeifue9ai8
Excepromarry,OliviaThornton@dayrep.com,xe2Ithen2ohth
Lars2022,RebeccaMason@rhyta.com,Eic6ot9h
Arge1997,LibbyFleming@rhyta.com,CooLoij7oas
Sprione,LauraTyler@superrito.com,vei6qui7Iwoh
Covere,JudeOliver@fleckens.hu,zoh8ahK3
Thersece,AlexandraBond@superrito.com,Mughu9waid3
Sampriscrom,ChristopherGill@superrito.com,eiNgohque4
Mosters,HenryWilliams@rhyta.com,uchi6vu4aeW
Hitted,DanielStanley@armyspy.com,thaem8EiHi7b
Rether,AimeeQuinn@teleworm.us,do3eiMao9ee
Hentown21,ArchieSpencer@fleckens.hu,Yie8yev2cie
Foxys1996,ChristopherFitzgerald@armyspy.com,ooMaechok9
Feseracke,AnthonyMorris@gustr.com,Ishaekoh2IT
Mors2008,TomThomson@fleckens.hu,aeneew6Ie
Emse2020,ElizabethMcLean@jourrapide.com,PahchahY3ae
Aloortat1999,JoshPhillips@gustr.com,eaNah3Ah
Gnor2019,YasminFry@jourrapide.com,Bie1raey
Wersed,EvieWilkins@rhyta.com,eShoo5ahng
Thisce,TiaWebster@rhyta.com,Phi7uTh6ai
Meadeliander2003,ErinBull@rhyta.com,ieph8Ish1K
Nernat,LiamCharlton@fleckens.hu,wainaeTae6
Waysainew,JosephFletcher@rhyta.com,Bei5faevir
Wrapprand,PeterKhan@fleckens.hu,Eecef2iquaqu
Theankind,MillieBruce@armyspy.com,aush8phei7U
Exes2019,SophiaHayward@teleworm.us,un7sohth7Oh
Imbech2016,AlexandraHolden@cuvox.de,eehooju5G
Contaked,LeoParsons@cuvox.de,fooj6Phie
Milved,SiennaLittle@superrito.com,zieCh7Vee8ei
Martur,ElizabethBradshaw@einrot.com,ja6UR1Ilie
Olut2012,ScottStevens@teleworm.us,oBu0Bu8Gae
Doliork2022,JayChamberlain@einrot.com,wuwa6ohNg
Georted,HarveyWalsh@gustr.com,EiRuLa4t
Thavorn,DeclanHancock@rhyta.com,cheichai0V
Andoweent,YasminLane@armyspy.com,EeWee7zeich
Huser2010,LouisRoss@fleckens.hu,eiG3Zup3aen
Werater09,CerysDavison@teleworm.us,uzeiGh5m
Buliesson,JayGilbert@gustr.com,oy2ahJohSh1
Lither,ChelseaWarner@teleworm.us,diexae4Jaid
Vand2021,HenryODonnell@teleworm.us,Ci7eithohPh
Latiff2015,LydiaBarnes@rhyta.com,AaG0Auzei
Engs2007,LibbyOsborne@rhyta.com,cahR6eephoh
Coma2018,JordanBailey@jourrapide.com,Uoda6quaeS8
Coll2010,RosieWoodward@superrito.com,eix1Kie2I
Deeks1996,EvePotts@fleckens.hu,Aeghah7Chae
Gaver1995,FaithWillis@armyspy.com,Quie7Leitu1
Givell,AmelieODonnell@gustr.com,go5ineiQu
Movered,GracePowell@superrito.com,gohloh3Ohce
Froat2007,SiennaMistry@rhyta.com,cho8OhMi
Shrephy,LauraStephens@teleworm.us,Rae0eich9ph
Untervace99,KieranCampbell@cuvox.de,oLuqu0oo
Drood2001,TylerDale@teleworm.us,ahd5seiKohi
Evelien,OscarWatson@jourrapide.com,Mahn2Ohphai
Araid2015,AbigailWheeler@dayrep.com,ein9eRiph3h
Thaddled2001,JaydenMorley@armyspy.com,sei9ouNu
Ingaing,HannahKhan@dayrep.com,hugh7OhDu
Didne2002,AaliyahDunn@einrot.com,ohm3Fira
Qualky,SophiePope@gustr.com,AhZie6aeMig
Begrommento,NathanFarrell@cuvox.de,eem5Aicei6
Confor,AaronHerbert@jourrapide.com,gee1bae7Ai
Squethe,JaydenBarnett@jourrapide.com,vahWiex4eev
Enterhad,ImogenJarvis@cuvox.de,eF9Apufoakee
Exiousle,MadisonWhittaker@einrot.com,theohioG3Ie
Gord2006,JessicaJames@teleworm.us,ih6bieQu6F
Enuenated,CoreyClark@armyspy.com,eiP8tooph
Modyette,MuhammadPope@jourrapide.com,zai6Losah2w
Looncomet,AlexWalker@gustr.com,Aiquie9sh
Parocce,AndrewButler@cuvox.de,gaeNg3Kier
Rion2022,LucaBall@rhyta.com,su5iemoN4Ree
Wasuacts,SamAnderson@jourrapide.com,Huuquoag5oo
Priet2004,HannahHilton@dayrep.com,Ahb5Zieyei
Troses,FaithMartin@dayrep.com,Thoo6Eih
Warmaded,LucaSingh@teleworm.us,eeJe8hieTh
Mearies,SamEdwards@armyspy.com,VaeXoh5ai7
Neques12,LaraTurnbull@jourrapide.com,Theez6ba7Pa9
Thdow2000,LucaPearson@superrito.com,eiyaNgu0Thi
Nothat,LoganMcLean@teleworm.us,chio2Ainuo
Hunce2018,MaxRoberts@rhyta.com,Goh7jeiphi5
Sakents,DaisyDaly@armyspy.com,BuZoo0at
Minimearts,AlexGardiner@fleckens.hu,ee6Beefinee
Doeste,EleanorKaur@jourrapide.com,eiQu3rei
Willeggess,GabrielColeman@gustr.com,nahn8Quain
Niname,CerysSavage@rhyta.com,IJ6mah9w
Durnity2021,LouiseJames@cuvox.de,Oquohh8Quah
Migge2000,JohnMartin@teleworm.us,OuNg8vaech
Clow2007,ScarlettNolan@rhyta.com,Eich0cie
Aftle2009,ZakHarper@jourrapide.com,bohthe9Ph
Hation,CharlesMills@teleworm.us,ahcooC0eij
Widere,LouiePerry@einrot.com,aiPhah0chee
Lowl2014,AlexWheeler@fleckens.hu,ooZoov7hau
Moreary,OscarBibi@cuvox.de,pha5Xaer
Hostand,MaisieWheeler@jourrapide.com,aeD8oefiid3
Ittep2014,TylerAhmed@teleworm.us,ucei8Quai
Porcen,PatrickHarris@superrito.com,aiNgohk3
Cheyetch,RyanHunt@teleworm.us,eir6kai1Ah
Anningues,MaxPickering@fleckens.hu,iFiceuwa6aa2
Pural2021,EllaHammond@fleckens.hu,ven1tuBeeSh
Stereekenot,FreddieNorth@gustr.com,leeMoN4ai
Anwave,LibbyBaxter@superrito.com,eeBathup3poo
Edmis2021,LaraClayton@teleworm.us,ua3Ashiaz9
Tonts2019,MeganOBrien@fleckens.hu,feePhah1oh
Proo2008,ZoeYates@einrot.com,ohJ4uab0ph
DÃ©grablinule,EliseFrancis@cuvox.de,Aihai4Wah
Niname,SarahAkhtar@superrito.com,lahSich8
Flike2009,EwanGilbert@armyspy.com,Eemee1Co5
Welit2018,MichaelHutchinson@einrot.com,lee4diZiem
Thaught2008,GeorgeFord@gustr.com,ieneep4Qu
Abiturn,JoeOwen@armyspy.com,niTai9oNg
Adisred,WilliamBray@cuvox.de,euj7ahQu5
Criew2014,KieraBarry@armyspy.com,eeQu3bael
Tintaid,MatildaRogers@armyspy.com,um8ye6loYi
Pind2016,SummerBishop@jourrapide.com,caoWae0ee
Offearmed,NiamhGibson@armyspy.com,ioNg0zah
Hiplent,NaomiEvans@teleworm.us,Vohpae4ai
Regan2010,AbigailCarr@gustr.com,Aewe5ahJ1b
Theady,MuhammadMiddleton@gustr.com,AeZae0no3ch
Averes,TeganNorris@einrot.com,futheeCh2
Onner2008,KianWilkinson@einrot.com,bahz0ix4G
Justong,SophiaOConnor@jourrapide.com,itoudi7Choh
Raters,HarryBenson@dayrep.com,Eecaexah4s
Wituare,SummerBryan@rhyta.com,aboaHooTh1ie
Whod2002,ErinRiley@superrito.com,xai4bah2vaThoh
Mucconothave,AlexConnor@superrito.com,Tawohm6Tungoh
Vide2017,EllaOBrien@jourrapide.com,AuPhea5xeth
Gonell21,ZaraPerry@armyspy.com,jaeHuu1th
Thatent,TomMurray@rhyta.com,kooWae5ph
Somillow,GeorginaChapman@einrot.com,phahsowie6Eiw
Aughteell,EmmaDoyle@fleckens.hu,Hahdee2fiB
Dred2011,KatherineHamilton@dayrep.com,ieR8ooRoo
Squalleave,AaliyahNaylor@dayrep.com,ieSuz5fu0o
Thadjoble,IsabellaGould@teleworm.us,Uobeo1eecoh
Phrovis,JohnCarr@jourrapide.com,EPohnain9aM
Yets2015,AbbySykes@cuvox.de,taPoh8Ee
Olor2007,AidanJones@einrot.com,haithu9E
Themart,KaiCurtis@rhyta.com,Haeya6agawoh
Meagetioname,VictoriaDoyle@teleworm.us,Ohthai5Eigh4
Thalitter,ArchieReynolds@fleckens.hu,dieSh3zie
Tobounce,ImogenJennings@cuvox.de,Baic1goH
Extere2021,ChelseaBird@fleckens.hu,og1you3aiChei
Hiscambeste15,ScarlettPearson@superrito.com,AighuoTo1be
Thimerse,EloiseBailey@einrot.com,loh4veNg
Homplasson,GeorginaWade@superrito.com,ke9ohh6Ook
Bance1995,MadisonLawson@einrot.com,wie0oaSh4e
Alitill,AmberBryan@armyspy.com,seeN4faeD
Thout2007,JacobJames@dayrep.com,phahshei2Ai
Texer2008,MuhammadSykes@gustr.com,Aeshu5eiDe
Fearen2002,JoeEllis@armyspy.com,Ue2thoofei
Beher2018,EvieMurray@dayrep.com,ohNgoo7ai
Butand,LauraSims@gustr.com,leM5ohl9
Poods2005,JoeGregory@superrito.com,dahloC6i
Youstelying1995,LucaLynch@cuvox.de,euMohcam3A
Whily2021,ZacharyWhitehead@dayrep.com,uQu7Zi9wee
Fadde1996,PatrickHewitt@jourrapide.com,Ahsho9UFie
Prabooks,SamanthaBurke@jourrapide.com,oobaeQu6
Mompok,EthanSutton@armyspy.com,coohi3Thee
Kinters,SkyeTalbot@einrot.com,im5aN9th
Himsen07,EloiseGodfrey@superrito.com,Ier0iese2
Sulaid,EveRichardson@superrito.com,raefeiSiey9d
Flenly,AndrewWarner@jourrapide.com,ooBanoh1ph
Incibes,YasminLloyd@jourrapide.com,naiGohpoh3sh
Asithavelf,JamieKent@cuvox.de,Zoozai6noi
Paretherflen,DaisyBishop@einrot.com,Seg5lei7bah
Prilese,JamieBird@armyspy.com,shie5Potie
Fringlose2013,SophiaAli@gustr.com,veGoo2ooju
Alaines,LolaGoddard@superrito.com,deigh3Asain
Obelf2015,MohammadStokes@rhyta.com,Ieyei9ieF
Coustim,RyanMiah@einrot.com,miemo8EeN3oh
Arruithe,EdwardConnolly@jourrapide.com,ja9Quoo1ei9
Aree1997,IsabellaWalton@rhyta.com,Let4Oo9vee
Theall19,JamesCooper@gustr.com,koodiex0Oa
Liging2020,VictoriaButcher@fleckens.hu,Aehai7Aechei
Whoube,EmilyWatson@cuvox.de,baeSiY5joh
Aninqued96,ArchieFlynn@armyspy.com,kohshe2oT
Enswearry,AdamHowell@gustr.com,ohX6IePh8O
Pereplou,FaithBarnett@gustr.com,ahkoch4O
Awasim2022,SebastianHoughton@superrito.com,eeGhod3Ee
Yousagannot,MaisieCollins@armyspy.com,cif7oYoxu3L
Yeare1995,RebeccaCarey@cuvox.de,Inue8Axeex
Durfult,SebastianBooth@jourrapide.com,Phohm0iephe
Britheyettor,ArchieWilliamson@einrot.com,phae4va8Oo
Priellost,PoppyPatel@teleworm.us,weexee1Ohh6
Apteme,IsabelColes@dayrep.com,Ib6Oh7Iujah
Mushoull,YasminGreenwood@armyspy.com,iha7uyahK1
Bellork,SamDixon@jourrapide.com,choo0Poo5h
Butince,OliviaBarry@einrot.com,Akabah6o
Theyou,VictoriaSteele@teleworm.us,ahwee3Ei
Squalkinsaid,MaddisonHart@jourrapide.com,eiwe9Eesah
Traturd,AmelieHenry@armyspy.com,EpieVei6raa
Anionvely19,DemiPratt@cuvox.de,Bee2ahlohK
Eubje2006,LucaRowley@fleckens.hu,ais8ooXio9i
Mousee,TiaKirby@armyspy.com,xoj4ahWoo
Fead2009,ElizabethTucker@teleworm.us,fe6Nung2uqu
Alis2015,TylerGibson@superrito.com,ge2ohThiech
Trustur,JudeLambert@fleckens.hu,Ve2GaeNo7ph
Venind,HannahDawson@armyspy.com,er1vaCoot
Hielturry,LukePotter@rhyta.com,li8nahPaudai
Penus2003,MeganBlackburn@dayrep.com,poohaM1mah
Quism2007,BethanyCartwright@dayrep.com,beaj2aeJah9
Hichatell,IsaacKemp@gustr.com,yaeKeGei5ah
Tanybeen05,LouieJarvis@einrot.com,Cie1Jie6eeSh
Ventrout,MuhammadWheeler@teleworm.us,Eeb5wee9H
Johum2021,HenryHope@superrito.com,paish7Hee
Musidn,TomFoster@fleckens.hu,so6ikosohV
Cornind,LewisGlover@gustr.com,aiJahtee9Cei
Fraleve,MadisonMatthews@superrito.com,aeB5EeQuohv
Illowther,TeganLeach@rhyta.com,Liem7aiw7j
Enone2012,JenniferTucker@armyspy.com,Coagher4Ie
Ansetracten,VictoriaAtkins@superrito.com,hai8oGh7
Thearment,MaddisonRahman@jourrapide.com,ohCh7goov
Defe1997,KaiBradley@superrito.com,aeTha9Oh
Raimmake,JamesStorey@jourrapide.com,bieVuy6tiSh
Capposeend,EmmaRiley@fleckens.hu,eeSh4Giey
Eprint,EmilyColeman@teleworm.us,ieph3EeB0
Lifflosight,JackBaker@armyspy.com,aich3paiC
Tror2011,EmilyJordan@cuvox.de,iReohaex5
Welifer2012,MeganEvans@gustr.com,eem9suQu7ah
Thable2020,OscarDouglas@fleckens.hu,ij2aep6WiD
Ponver17,DemiRichardson@armyspy.com,Pee0quogh
Alfic2018,AnnaHargreaves@rhyta.com,FueGh1Oov
Younot,MayaHayes@dayrep.com,wolai6Fue
Abinateps,RubyNorton@rhyta.com,Gio4meegh
Finks1995,MeganBurns@gustr.com,AhgeBuPh7O
Chout2008,IsaacFrench@dayrep.com,tai7Feitah
Fromends,CharlieBarrett@einrot.com,oXa3jooL8vie
Forsel,ScarlettPerkins@teleworm.us,ku2Rieteing5
Seentrusted,CourtneyRoberts@teleworm.us,piepuayo3Iqu
Engs2021,TylerWyatt@superrito.com,aB7pahhoe
Penver,IsabelleConnor@cuvox.de,ETohpae2igh
Gingaid,SkyeBurgess@teleworm.us,ugeiCech2oo
Begglas,EvanHarding@jourrapide.com,rayo6wahHie
Uporequity,MiaDuffy@armyspy.com,iimedeeP2I
Prowhy2021,PeterWilkins@einrot.com,Ohjalies2u
Willne2009,RobertDale@dayrep.com,pievei8Da
Wavemayed,JacobPerkins@superrito.com,Soochae6
Deverecter,MaisieJoyce@jourrapide.com,ooghaiy9oM1
Uncess,RobertMorton@rhyta.com,Ohdaeg4Thie
Fered1997,IsaacCharlton@gustr.com,eaC0cashuch
Prommore,LouisAshton@cuvox.de,Ahp1waeje
Tiervil,KaiThompson@superrito.com,aib0keeFu
Gran1995,AmyGlover@dayrep.com,que5eiQu0
Feliter,KaiBerry@dayrep.com,ooNgeeyiQu3
Nothought,AimeeLees@gustr.com,ePohch9rai
Phrou1995,JoeHarris@einrot.com,aeMoo6ThuBie
Theakision,MichaelHill@einrot.com,Zooquei8Ai
Wies2008,DanielHawkins@superrito.com,Nie5uichie
Ingthere,IsabelBurns@teleworm.us,Ikahka6ye
Plattim,MaisieBirch@einrot.com,Aid3Ohhaeng
Havager,IsaacFraser@einrot.com,ooci6Eo6
Wituessarks,MaxJackson@einrot.com,awohRohp4ai
Einfer,JackField@superrito.com,Aidai4nue7Ei
Suiew2000,GeorgeKerr@cuvox.de,vaop9Nuk4wo
Frithat,ElizabethThompson@jourrapide.com,foo9ATah5oo
Joyalmak,DylanLynch@superrito.com,ouRae5ai
Himposet,JoshuaLamb@superrito.com,aeXa0yi3h
Timust,MorganStorey@einrot.com,Shai5ooNg
Myseat,CaitlinRice@einrot.com,pheoPei9uCh
Hustong02,JoshMarsden@cuvox.de,Eezaeme6eiF5
Scimerial,VictoriaDean@jourrapide.com,ieK4aeghee
Haling22,DominicLee@armyspy.com,OhGah9oo
Heary1998,JosephSteele@superrito.com,Eif3wita
Scier2004,EthanGreenwood@gustr.com,vahshei4eB
Melcand,OscarPearce@teleworm.us,ahVei4gu7lae
Werve1997,RhysHenry@rhyta.com,Ooghoo1k
Oundeent,SummerHolt@teleworm.us,OiBoh8ijie
Potalet,LiamWatts@cuvox.de,Sah3Ax0xie
Proorty,SophieMurphy@teleworm.us,eeNgau6Uw
Hishly,EliseAli@superrito.com,dooCh2zie
Theara,JasmineCook@armyspy.com,SheV7Ate9Ep
Theatchere,FaithSteele@rhyta.com,rae1Mae7Nech
Paingst,JoshQuinn@teleworm.us,ga7ahwaiNg
Thersevere,FrancescaFry@einrot.com,caeZ3elaiQu
Lingen,LibbyBrady@jourrapide.com,Ohlee6chei
Thearl,EloiseHunt@dayrep.com,ahGohR7o
Thounater,MaisieRichards@armyspy.com,olo9Eiw7kie
Everytheir,LucaReid@dayrep.com,aekaec5Oo
Bith2000,AidanLord@cuvox.de,uYaphaej8ch
Wasoned,TillyTodd@rhyta.com,Roh5oxoo
Stent2001,DylanArcher@einrot.com,eak8nijoh2Ah
Kiny2002,GeorgeWhitehead@dayrep.com,ui8Naevuje0
Starountor,BenjaminTurner@cuvox.de,Ier2eegh
Sudeings,MaddisonParkin@einrot.com,iaCh0Ve9Oocae
Whold2002,IsaacMarshall@einrot.com,tuquah9ooD5
Goormes,LewisBailey@cuvox.de,kepheiwe4Y
Shrem2009,ScarlettHolt@dayrep.com,yoCh1ooyau
Truiates,BrookeLloyd@fleckens.hu,ooL0oqu0O
Oting2010,ElliotNorton@gustr.com,Su5to9oosh8
Spelink,ElizabethDavies@armyspy.com,yeix8Ohse9fa
Ancer2001,DanielleAtkins@teleworm.us,IewaeCh6ei
Folearribled03,LukeHargreaves@armyspy.com,ooGh6dok
Ocket1999,CaitlinHutchinson@fleckens.hu,Ootoo1heiS7
Panking,AlexPhillips@einrot.com,pium6asha9I
Knoic1998,RileyWade@superrito.com,neeGh0oosh
Enctiong,SamDavis@superrito.com,taiPha8vai
Thoutter,SkyeMatthews@cuvox.de,Maeph1mai
Ciediand,AmberRandall@cuvox.de,wiYoh5pha
Sumforger,IsabelleTodd@rhyta.com,yiew1ieGhoh
Ladows,BradleyGoddard@armyspy.com,einohSh8i
Thatimed,SeanCollier@jourrapide.com,AhGeey3hiev
Thenlind,ZaraMoss@armyspy.com,iekiep5eeG9
Booke2018,AmelieDodd@rhyta.com,Oob5ashaing
Counale,ChloeOConnor@dayrep.com,iuFah0mua
Swervage,HarrietSmith@cuvox.de,cia5Tohshei
Urittlethich,JessicaWong@cuvox.de,eeBighee4
Berstend,FrancescaWaters@cuvox.de,Eethua5z
Wastry,AlexandraAllen@teleworm.us,WooPhee8Qu
Commill2016,HollieBrookes@jourrapide.com,Phoo7li1
Freves,AlexanderSutton@superrito.com,Gi2aichi8
Throking,KaiKnowles@dayrep.com,aeJ9eiNoh
Groody,JackSaunders@teleworm.us,eKee8efi
Wishis,MatthewMann@gustr.com,shumein2Tie
Thught,IsaacHowells@armyspy.com,azangaF4xae
Dayere,LeoMellor@fleckens.hu,eeThaek6pai
Ithis2010,MadeleineLaw@jourrapide.com,goh0ooJai
Woudde,EloiseSmart@gustr.com,ahLohn9u
Looduale96,LauraFox@rhyta.com,aef3lo7aN
Courbeacced,GracieHoughton@dayrep.com,Ahgah5qu
Haturn,MollyRice@dayrep.com,baTiehie0
Lichannoosee,KatieGriffin@jourrapide.com,Eiph3vuch
Questurnight,ElizabethJohn@rhyta.com,Aidalohth9
Lien1994,EllisSchofield@teleworm.us,woongahk7U
Blould,MaisieLeonard@armyspy.com,roh9caeNae
Beene2002,ZaraHudson@fleckens.hu,roopho7Aeb
Fighall,MollyCurtis@jourrapide.com,Ak0eob6r
Blecliked,BrookeAtkins@gustr.com,do0Eo9Thood
Troment2017,EllaTaylor@rhyta.com,eu7faeK1
Faideve,LucasEllis@gustr.com,OhT2aes0Rie
Allagarl1999,ShannonCharlton@armyspy.com,iaSh2Thoh
Thurely,LolaJarvis@einrot.com,iVao5deich
Smarculd,JoshuaCooke@teleworm.us,ahY6Aik9ei
Museltook07,BaileyVaughan@armyspy.com,ohs6eiYaesh
BoyÃ©,AbbyTodd@dayrep.com,Eecu8oi4Ai
Harosed,AlishaDean@gustr.com,Ahchei4ei
Honew2005,DylanBurns@superrito.com,aShahvi1ieth
Wilip2013,BrookeFox@dayrep.com,EMieth0u
Exhim2012,RosieFletcher@teleworm.us,quahF6Shiech
Thek1995,RhysChambers@armyspy.com,Iu1koh6hu
Shrod1997,ScarlettBurton@teleworm.us,oothooliN9a
Truche,AaliyahGriffiths@einrot.com,Ahch1veth
Ourthen,PeterPeacock@cuvox.de,eeF3aetuph3
Tiousbactine,HarrietFox@dayrep.com,ik3aeVeim
Icia2020,ElliePratt@armyspy.com,OoJuuh0cho
Reserefoot1998,CharlieMiah@einrot.com,Eib7Chacho
Dolf2014,KaiTownsend@superrito.com,oce9Ooshae
Coubjecruir,BradleyHumphries@jourrapide.com,Iegi0coh
Herivink2022,DanielBentley@rhyta.com,im7Wae4ein
Squirequisen,ErinHicks@teleworm.us,eisee0iVa
Soms2002,ElliotBates@gustr.com,ieMea0iehiP
Quiuse08,JudeChamberlain@jourrapide.com,aeK8ni6fei
Difule,LaraMiah@superrito.com,Iengai1kie
Cluounce,JoelNorth@superrito.com,Uy6niedier
Froach97,EmmaStephenson@jourrapide.com,ithooPie0F
Forutived,LolaPearce@einrot.com,nuWa4aivoo
Buthow,KateMistry@superrito.com,ienoh5Aegu
Penig2005,SamSinclair@teleworm.us,xohdohgh8Ah
Bude2022,SophieHart@gustr.com,OoGh9ooQu
Yourrimed,AbbyHarrison@jourrapide.com,jaigei0A
Cappraid2008,JamieMatthews@superrito.com,ieth6nuiKah
Alit2007,LouieBurns@fleckens.hu,bee4mu1Keequ
Ligem2014,KayleighPayne@rhyta.com,xah5Ievopa
Posand,LillyBlake@jourrapide.com,Eequowio9
Duall2006,GraceWhite@dayrep.com,rahp7eNgoo
Exacce,ErinMoore@superrito.com,ohDai7keek
Leighte97,AlexanderGreen@jourrapide.com,Zot0iquoa
Thentood2020,EdwardWilkins@jourrapide.com,upe2Shiet
Donius04,MasonPalmer@einrot.com,xieM5maidith
Proatest,JackBryan@armyspy.com,aeW2EiY8air
Prole2020,MorganAbbott@einrot.com,Eekir8Oxee
Shomence,NaomiRowley@superrito.com,Liu6yeiTh
Complaccese,PatrickDale@dayrep.com,Oof7Zege
Wasaim2000,AliciaBarnes@einrot.com,Taith0ux9ph
Yourejough,BrookeWillis@gustr.com,SumohQu4Qu
Scombed,HaydenBlake@rhyta.com,ThuaX1th
Paropoebacks,EmmaLynch@rhyta.com,shaNgoh2voh
Pronow,NaomiOSullivan@superrito.com,nai0eeBie
Houghle,EmmaMitchell@teleworm.us,Ohngahbeef0
Geords,CaitlinPhillips@superrito.com,fei0EejooY
Phompecture,FreddieStewart@jourrapide.com,ohxeiS9ah
Fordece,FreyaHumphries@cuvox.de,Thu2bo1hei
Thil2018,HollieFinch@superrito.com,taiphao6F
Thessfy2018,SiennaOConnor@superrito.com,Shahph2ie
Dics2019,AlfieBrookes@jourrapide.com,bokohC5uu3gache7
Ronts2007,BillyThomas@superrito.com,nahTu3wah
Thallusithe,ImogenMorton@fleckens.hu,phohGi0bah
Turam2001,CharlesCooper@superrito.com,Eish8fae
Entes2019,CoreyWillis@cuvox.de,TudieSh0oo
Butragreake,BethanyBerry@einrot.com,Aemoo3gi
Hurs2015,DeclanPower@rhyta.com,Fah6seupu
Altakeen,MatthewHudson@jourrapide.com,aefeSoo6ei
Utaltorge,EllisBarker@cuvox.de,chueWoh2iegh
Incere,BenjaminHarrison@dayrep.com,phohbeeNi5
Offeir,LouiseBaxter@armyspy.com,hieBovah2ah
Overve12,EllisParkinson@rhyta.com,zah1Jiepha
Madeelay,JosephMoss@superrito.com,phiedeih5Ie
Wevoing,ElizabethRobinson@superrito.com,zei0ohJ1c
Travolic,LaraAndrews@fleckens.hu,cu6quegeiS
Hadeard,MelissaOConnor@teleworm.us,Shi7quonah0
Atileture,KatieKent@cuvox.de,ieCie8ei
Therent,CallumHolden@fleckens.hu,Ahyufiu0
Prect2019,GeorgiaNicholls@teleworm.us,ishi2hee1Se
Bung2013,ZoeWall@rhyta.com,saiMuYeip3ai
Rearandeas,LaraPatel@gustr.com,ru0Foh2shei
Therok,FaithTownsend@einrot.com,ni2moe2Chie
Mard2020,SophieMurray@gustr.com,ooc2aiRa0qu
Beforpeo,ScarlettHyde@armyspy.com,zoo3Ahj6lie
Heasuffee,GeorgiaGibson@rhyta.com,NaxaiNg6Uu
Bantais,HannahColeman@cuvox.de,Eequie2ie
Altylets,MeganPowell@teleworm.us,Uyoo8Loogh
Kinary,EmmaCollier@teleworm.us,pho7Shae
Kinglace,GabrielHart@armyspy.com,ruMunoid1ee
Wiltat2002,AnthonyPugh@rhyta.com,col3se4Cohch
Thomed06,SophiaSummers@dayrep.com,ooBuidu6oht
Ently2002,ElizabethYates@fleckens.hu,ruK6hee5zo
Abbeact,AlexanderBradley@fleckens.hu,Naung5eizeth
Woothe,FinleyDaniels@gustr.com,ooLaecai5z
Weesamight,KeiraFitzgerald@einrot.com,phu5re2ooT
Warl2018,JohnGibbons@superrito.com,uhei4aiDoob
Hisn2002,CharlieHanson@jourrapide.com,hiamah0Ah
Lithat,LilyPrice@cuvox.de,aikie1Uyoh
Pation,AmeliaTownsend@fleckens.hu,Aedeej4eiwa
Arefling,ConnorJennings@rhyta.com,IzueGe4APi
Jusing,JamieHanson@teleworm.us,eiTietaip7
Droasing,AlfieMcLean@armyspy.com,bai1Hohh
Sequand2013,TylerSanderson@jourrapide.com,Vuepee0qua
Wasonerecied,HarleySimpson@dayrep.com,ooS4eeFoo
Surn2017,AndrewIqbal@dayrep.com,Shu8saek7oGh
Ints2022,LoganTurner@einrot.com,SaewaCush7
Conumpen,NatashaMorton@rhyta.com,oox2Aegh2ae
Afting,KayleighTomlinson@rhyta.com,Ceekae3Pie
Yousho,EdwardLawson@jourrapide.com,Pea0oowee
Arece2021,SummerMurray@gustr.com,iL1mei2hoaP
Andento1996,JoeNelson@rhyta.com,ieW7oqueirie
Almen1998,SamHowell@einrot.com,OQuiepho6
Wareir,MillieKhan@cuvox.de,eoW2paisoi
Sekhas,LeonHodgson@cuvox.de,iaZo7veiW
Anderfarom10,LiamChan@gustr.com,Choo8noqu
Busnabod,NiamhBray@jourrapide.com,eku7zeeB0eek
Dises2005,EllisLambert@fleckens.hu,Le5liejiilo
Gaveressake14,SarahHarper@rhyta.com,eNgah7ePu
Firlifer,LeahField@dayrep.com,itaegh9Eitie
Selfind2005,MillieIngram@teleworm.us,phek1Aiqu6h
Devell,RubyChandler@jourrapide.com,oushahk6Ach
Honsintepher,CharlieHanson@dayrep.com,yo8noo4JaiW
Youblearded,AaliyahWade@dayrep.com,ahfuShae6
Salls2003,ThomasHayes@einrot.com,ed6aiDee0sh
Tivervat,AlexanderLloyd@fleckens.hu,UixieNgooy0
Pleatcherge,VictoriaSheppard@jourrapide.com,phee0Yeeh0X
Pludiam,EliseHolt@cuvox.de,Ees0vijuph
Privent,EdwardGlover@dayrep.com,pu3Eey0ahph
Youtive15,MaxDale@teleworm.us,soht7Thoo
Majeas12,AmelieHammond@fleckens.hu,ahH3nai8oon
Blocing,AdamPatterson@dayrep.com,Mahceij8ESh
Appeonts,BrookeHolmes@gustr.com,Queing8E
Wrou2021,DeclanRees@jourrapide.com,uo0axooGh
Whapin,TiaChapman@einrot.com,iishieQu6Ee
Cloy2018,SamWinter@rhyta.com,TohvahLoh4
Thake1998,MollyRyan@gustr.com,ao7AuTou7
Deak2013,TaylorDaly@dayrep.com,fa6MeeL8ci
Hamithen05,SamWhittaker@armyspy.com,jaeth9Aeth
Lair2003,IsabelleGiles@superrito.com,ieJei5shah
Nobjess,DanielleTurner@einrot.com,eePh9Uhoh
Willoused,CerysMcKenzie@teleworm.us,Yei4shooph
Almyconver,EllisCole@teleworm.us,roolie3Qu
Ansts2013,CaitlinRoss@teleworm.us,oay1Eehai
Whowere,HarleyMorgan@superrito.com,fuXoWai2ee
Puldivis,JamieHartley@armyspy.com,aRaijahTh3ah
Withein,ChelseaGoddard@rhyta.com,aiT6phuG6
Shmentwo,BradleyPotter@superrito.com,kahxoo8Raa
Sages2000,ElizabethWheeler@einrot.com,AhR4koocoh
Infouslem,FinleyWallis@dayrep.com,Pahna7cha0l
Desi1998,JenniferGilbert@einrot.com,og2ohYe8Eed
Flesing,SophiaDawson@fleckens.hu,eis4Taicohz
Butied,MaxSimmons@fleckens.hu,oc1Cotei6
Anionvely,LucasGreen@einrot.com,TeJ1nohj
Liner2007,LouieDavison@einrot.com,saer4vah9OSh
Babsizarly,LydiaDyer@rhyta.com,Choh7ahpae
Orsespach,LukeDouglas@cuvox.de,hei1eiPau
Lowee1998,TillyFrost@rhyta.com,AhyieMaiRu8
Socion12,CharlieSharpe@dayrep.com,oov4Aeh5
Froffe07,MatildaHowells@superrito.com,aichaiGh5ah
Whortin,AaliyahHardy@gustr.com,fagheeBuW5
Anaturis2020,AbigailBurrows@armyspy.com,zairua5oPail
Garte2012,EliseFarmer@jourrapide.com,oogh9aiChaD
Labould,HolliePowell@gustr.com,taeQuohl4O
Dina2010,HarryQuinn@armyspy.com,lohv4ahWi
Assaings,PoppyHenderson@jourrapide.com,La7queicohl
Accust1995,BradleyColes@fleckens.hu,leeBah7ah
Slingly,AlfieNorton@rhyta.com,Wo5ohphie
Extre2017,SamLynch@cuvox.de,Ieyieg5ae
Secion,LaraNewton@superrito.com,Yo5ochae
Beir2003,LeoPeters@dayrep.com,ieGhee1Ie
Suchiss,CharlotteNaylor@jourrapide.com,Gaaya8maequ
Whoduch2007,MatildaLloyd@teleworm.us,Sa2ahghe3ooGh
Geop2001,TomClayton@jourrapide.com,jahgh8ieBie
Nained,NaomiFowler@fleckens.hu,Ud2Oothah
Sclows,MohammadRobinson@teleworm.us,oc1Phutoon
Winse2022,AimeeDavey@einrot.com,Xaishoh5e
Justral,MatildaFinch@rhyta.com,Thahwie7t
Thilvely,RileyWilkinson@superrito.com,Zohcefai8Bai
Hadioncoulne,MadeleineNixon@einrot.com,vohsheeDuv5
Inden2000,KeiraClark@cuvox.de,Lozie4ph
Horanot,EllisClements@rhyta.com,eMoo0pae5Ie
Appis1997,HannahBarnett@gustr.com,EoMae3ei
Thopherch,SeanOsborne@cuvox.de,Ahrai8uWaiw
Expoth,ZakMarsden@teleworm.us,aibo2saShee
Coulth2019,LaraBond@teleworm.us,ac9Uo2uop1d
Belisho,KieranSanderson@gustr.com,eiJu9poot8
Seache,PeterChapman@dayrep.com,quah8EiJ0i
Plarecturs,GraceConnor@jourrapide.com,moosheiPhei6
Ruen2002,JodiePearce@fleckens.hu,yi4vo1YieS
Belve2014,EmilyHunter@teleworm.us,ohh0iiXa
Amesed2003,BillyDonnelly@teleworm.us,ri0Fokie
Whisterell,BethanyWaters@einrot.com,oovohhi1Vi
Thanted,ZaraBishop@superrito.com,ahWe7jap1
Whaviand,AvaJones@fleckens.hu,ii7oPhuil
Foublinges,JonathanCooke@armyspy.com,sipuThiJ0
Histink,VictoriaJohnson@cuvox.de,cees8ahF2
Boreaking,JodieCartwright@einrot.com,iaf8Aofo4Oo
Twort2000,CoreyWheeler@jourrapide.com,oogh8VieB
Aftyrand,EthanFerguson@jourrapide.com,Thie9oi1
Flized,LucaLane@einrot.com,jieKeNg1
Theirt,GraceKennedy@cuvox.de,vahcuk0Ae
Defoursated,JonathanBlake@einrot.com,feeGhoo9ai
Audinity2014,AnthonyBishop@superrito.com,eZa8si1ii
Nestandmand,JordanBolton@fleckens.hu,iecohBai9Sah
Nernat,AmyClayton@teleworm.us,wahk5oShae
Grapir,PoppyKelly@fleckens.hu,ayooK9ohNg
Whichosedn2011,SeanKerr@jourrapide.com,AiSheph5nah
Throns,HannahNoble@fleckens.hu,OhngahBu9j
Suffew,CharlieMellor@superrito.com,Ieba2aephe
Fricaunt,CaitlinLong@armyspy.com,Quiequoxee4
Selike,ThomasStevens@armyspy.com,aigh3aeGh
Bost1996,OscarHenderson@jourrapide.com,FootheeK6Oo
Therefecance2021,DavidAtkinson@gustr.com,aevaethe8Sei
Thow2007,ErinMarsh@armyspy.com,Doh3PheTh
Agnection,IsabellaODonnell@superrito.com,pogh3habeCh
Allind,JaydenParkes@rhyta.com,nobee2Oorie
Anable,AmberAustin@einrot.com,ohgh4OhPh
Texed1998,KyleJennings@superrito.com,Ki9xeeh7n
Crecry,LouiseLloyd@teleworm.us,iashah1Ig2y
Tharty,MiaBarker@rhyta.com,ahqu0IeM
Johnsitiche,MaxMoore@teleworm.us,leiph0Thah
Eyern2004,LaurenSanders@armyspy.com,oji7Och9
Wone1999,JamieHancock@armyspy.com,mah7ooVohx4
Donew1995,EliseHaynes@rhyta.com,eengoo1ieH9
Nottionged,IsaacClarke@rhyta.com,Ooshosahj7m
Bizin1995,JayHooper@fleckens.hu,Kohguoghais3
Stery2021,EllisCraig@fleckens.hu,bei9Thohshah
Taby2016,KaiBirch@superrito.com,vagh2Kee
Youghten04,DavidMoss@rhyta.com,eic3xie4Th
Uposteave,JosephStokes@jourrapide.com,xak3Jein4ot
Meaust,AlexMarsh@cuvox.de,Phing9baic
Ented1995,CharlesGould@armyspy.com,aeth8Theikei
Ancom2001,ConnorVaughan@superrito.com,eegh7eenuiTh
Cates2014,LouisLawson@fleckens.hu,Oow9aiTaith
Althatede,SamuelTucker@einrot.com,eimohkaeZ1
Fation,RyanChamberlain@teleworm.us,lougaiPaev0x
Befee2010,LauraPower@einrot.com,waij1eeN
Trom2005,AbigailWest@einrot.com,aiY9kooHe
Whensinal,GeorgiaDavies@superrito.com,igae4oiGaem5
Smight97,BrandonNixon@dayrep.com,ahNe9iung
Romer2003,EllieHeath@dayrep.com,dieW0la8
Bregive,WilliamWilkins@superrito.com,Ujei1je6th
Beepard,EmmaNoble@jourrapide.com,euvohC6uaru
Wasped,LaurenSanders@teleworm.us,Tohshid2ei
Sirle2010,JenniferWebster@cuvox.de,hu0ahth3Ac
Trown2006,LolaPotter@superrito.com,zouY7lu5ai
Pactink,RebeccaNaylor@gustr.com,ev9Aco4ahbub
Foryanceir,MatthewLord@cuvox.de,Ohpiz8io
Notints,SamanthaHowells@teleworm.us,eCha1toe1
Nelf2006,JacobKemp@armyspy.com,eCh5bu7eshoh
Hadly2007,BradleyPowell@gustr.com,av4rae2Roo5
Venthic13,MiaHowarth@superrito.com,ohti5oQu
Sagint11,AlexanderClarke@armyspy.com,ae0ohF9cohsh
Witent19,SamanthaWeston@einrot.com,Ohrahch8
Wasies,MayaOwen@einrot.com,AhGhiGiew2oh
Twome1998,LeahSmart@rhyta.com,Ohah2EGee0i
Lairger,AbbieKent@teleworm.us,EbaiFu4iT7n
Seress2004,TaylorBowen@armyspy.com,phaiWo3noh
Inving,EvanKing@einrot.com,pohs5ShuuX
Slisho,TobyBerry@rhyta.com,que3aeQu7ia
Heigher,AbbieRiley@armyspy.com,Ood0eegeic
Doctou,ZacharyHowells@cuvox.de,ooc9coh2Ch
Watchn,JordanBrown@fleckens.hu,Ahgh1WiChae
Rectudid,NiamhJenkins@jourrapide.com,mufi3Ohgh
Butch2009,LauraBentley@armyspy.com,ma2aiK7Heid
Sithinion,JadeHamilton@dayrep.com,Maeghair5z
Hatty2013,AmeliaStephenson@einrot.com,dengoF2oo
Sursee,ChristopherMacdonald@armyspy.com,aM6om6ii9
Agets2010,JonathanRobson@armyspy.com,iopo2Ooshoo
Dictiony,NoahBrady@gustr.com,iel7ahZeiju
Lilecomman,CerysBishop@jourrapide.com,ohRei7Thohw
Subley,LiamDickinson@fleckens.hu,chee6Aeca
Spermild,BradleyStephenson@armyspy.com,fec7Eyai
Flaved,RhysSykes@cuvox.de,Fie9Ierie
Mearronsid,AidanThomson@jourrapide.com,Shie7daes3th
Lian2002,NicoleMcKenzie@teleworm.us,aongei5Ee
Milisdowered2013,SeanFarmer@fleckens.hu,ahmaeQui2l
Consaine,JenniferLaw@cuvox.de,ji9ueChah
Worther,KylePotter@jourrapide.com,ang8miKieb0
Voinficand,BethanyNorton@superrito.com,Yu4ohNahqu
